DBN,Number of Students English,Number of Students Math,Number of Students Science,Number of Students Social Studies,Number of Classes English,Number of Classes Math,Number of Classes Science,Number of Classes Social Studies,Average Class Size English,Average Class Size Math,Average Class Size Science,Average Class Size Social Studies,School Pupil-Teacher Ratio
01M034,158.0,158.0,158.0,158.0,6.0,6.0,6.0,6.0,26.333333333333332,26.333333333333332,26.333333333333332,26.333333333333332,9.0
01M140,213.0,186.0,182.0,186.0,9.0,9.0,9.0,8.0,23.666666666666668,20.666666666666668,20.22222222222222,23.25,12.599999999999996
01M184,254.0,254.0,254.0,254.0,10.0,10.0,10.0,10.0,25.4,25.4,25.4,25.4,14.299999999999999
01M188,83.0,179.0,181.0,,2.0,7.0,8.0,,41.5,25.571428571428573,22.625,,11.099999999999998
01M301,127.0,127.0,127.0,127.0,6.0,6.0,6.0,6.0,21.166666666666668,21.166666666666668,21.166666666666668,21.166666666666668,7.5
01M332,239.0,458.0,229.0,,13.0,24.0,11.0,,18.384615384615383,19.083333333333332,20.818181818181817,,9.700000000000001
01M378,282.0,335.0,282.0,268.0,14.0,16.0,14.0,13.0,20.142857142857142,20.9375,20.142857142857142,20.615384615384617,10.799999999999999
01M450,306.0,309.0,300.0,300.0,13.0,16.0,13.0,15.0,23.53846153846154,19.3125,23.076923076923077,20.0,13.700000000000001
01M539,412.0,392.0,412.0,412.0,15.0,15.0,15.0,15.0,27.466666666666665,26.133333333333333,27.466666666666665,27.466666666666665,18.900000000000002
01M839,,402.0,373.0,,,13.0,12.0,,,30.923076923076923,31.083333333333332,,12.9
02M104,1750.0,1138.0,1138.0,1173.0,64.0,41.0,41.0,43.0,27.34375,27.75609756097561,27.75609756097561,27.27906976744186,16.300000000000004
02M114,443.0,508.0,443.0,443.0,15.0,21.0,13.0,15.0,29.533333333333335,24.19047619047619,34.07692307692308,29.533333333333335,15.299999999999999
02M126,462.0,570.0,344.0,344.0,16.0,20.0,12.0,12.0,28.875,28.5,28.666666666666668,28.666666666666668,14.599999999999996
02M131,458.0,476.0,444.0,444.0,24.0,20.0,19.0,20.0,19.083333333333332,23.8,23.36842105263158,22.2,13.900000000000004
02M167,1349.0,1349.0,1349.0,1349.0,44.0,44.0,44.0,44.0,30.65909090909091,30.65909090909091,30.65909090909091,30.65909090909091,15.900000000000004
02M177,211.0,211.0,289.0,211.0,8.0,8.0,11.0,8.0,26.375,26.375,26.272727272727273,26.375,11.900000000000002
02M217,61.0,61.0,72.0,61.0,3.0,3.0,4.0,3.0,20.333333333333332,20.333333333333332,18.0,20.333333333333332,16.5
02M225,,68.0,68.0,,,2.0,3.0,,,34.0,22.666666666666668,,14.0
02M255,,390.0,521.0,,,12.0,16.0,,,32.5,32.5625,,16.7
02M260,377.0,327.0,290.0,302.0,11.0,11.0,9.0,10.0,34.27272727272727,29.727272727272727,32.22222222222222,30.2,14.8
02M276,275.0,274.0,275.0,275.0,9.0,9.0,9.0,9.0,30.555555555555557,30.444444444444443,30.555555555555557,30.555555555555557,14.299999999999999
02M289,282.0,290.0,282.0,282.0,9.0,10.0,9.0,9.0,31.333333333333332,29.0,31.333333333333332,31.333333333333332,14.799999999999999
02M312,,535.0,541.0,,,19.0,18.0,,,28.157894736842106,30.055555555555557,,16.0
02M347,52.0,63.0,28.0,18.0,3.0,4.0,2.0,2.0,17.333333333333332,15.75,14.0,9.0,4.1000000000000005
02M397,117.0,117.0,117.0,117.0,4.0,4.0,4.0,4.0,29.25,29.25,29.25,29.25,14.799999999999999
02M407,,,68.0,,,,3.0,,,,22.666666666666668,,18.3
02M408,160.0,95.0,95.0,95.0,5.0,3.0,3.0,3.0,32.0,31.666666666666668,31.666666666666668,31.666666666666668,20.099999999999998
02M413,,304.0,304.0,,,12.0,12.0,,,25.333333333333332,25.333333333333332,,14.5
02M422,275.0,275.0,275.0,275.0,11.0,11.0,11.0,11.0,25.0,25.0,25.0,25.0,11.799999999999999
02M442,69.0,69.0,69.0,69.0,3.0,3.0,3.0,3.0,23.0,23.0,23.0,23.0,15.4
02M655,66.0,66.0,66.0,66.0,3.0,3.0,3.0,3.0,22.0,22.0,22.0,22.0,13.9
02M896,256.0,444.0,389.0,128.0,8.0,12.0,12.0,4.0,32.0,37.0,32.416666666666664,32.0,13.2
02M933,250.0,266.0,250.0,250.0,7.0,9.0,8.0,9.0,35.714285714285715,29.555555555555557,31.25,27.77777777777778,12.099999999999998
03M054,868.0,849.0,849.0,849.0,32.0,30.0,30.0,30.0,27.125,28.3,28.3,28.3,17.199999999999996
03M076,184.0,160.0,160.0,160.0,8.0,7.0,8.0,7.0,23.0,22.857142857142858,20.0,22.857142857142858,15.400000000000004
03M149,82.0,79.0,82.0,82.0,4.0,4.0,4.0,4.0,20.5,19.75,20.5,20.5,10.700000000000001
03M165,290.0,290.0,164.0,164.0,14.0,14.0,8.0,8.0,20.714285714285715,20.714285714285715,20.5,20.5,11.5
03M180,336.0,191.0,225.0,168.0,12.0,7.0,8.0,6.0,28.0,27.285714285714285,28.125,28.0,12.200000000000001
03M191,128.0,128.0,128.0,128.0,7.0,7.0,7.0,7.0,18.285714285714285,18.285714285714285,18.285714285714285,18.285714285714285,10.099999999999998
03M243,172.0,171.0,172.0,172.0,9.0,9.0,9.0,9.0,19.11111111111111,19.0,19.11111111111111,19.11111111111111,17.400000000000002
03M245,408.0,529.0,401.0,401.0,16.0,23.0,15.0,15.0,25.5,23.0,26.733333333333334,26.733333333333334,15.699999999999996
03M247,210.0,231.0,210.0,210.0,9.0,10.0,9.0,9.0,23.333333333333332,23.1,23.333333333333332,23.333333333333332,10.0
03M250,197.0,188.0,81.0,188.0,11.0,10.0,3.0,5.0,17.90909090909091,18.8,27.0,37.6,11.400000000000002
03M256,148.0,142.0,148.0,148.0,7.0,7.0,7.0,6.0,21.142857142857142,20.285714285714285,21.142857142857142,24.666666666666668,10.200000000000001
03M258,224.0,224.0,224.0,224.0,9.0,9.0,9.0,9.0,24.88888888888889,24.88888888888889,24.88888888888889,24.88888888888889,12.099999999999996
03M291,240.0,240.0,240.0,240.0,9.0,9.0,9.0,9.0,26.666666666666668,26.666666666666668,26.666666666666668,26.666666666666668,14.7
03M333,170.0,170.0,170.0,170.0,6.0,6.0,6.0,6.0,28.333333333333332,28.333333333333332,28.333333333333332,28.333333333333332,15.300000000000002
03M334,229.0,214.0,214.0,214.0,9.0,8.0,8.0,8.0,25.444444444444443,26.75,26.75,26.75,20.900000000000002
03M415,93.0,86.0,49.0,49.0,6.0,5.0,3.0,3.0,15.5,17.2,16.333333333333332,16.333333333333332,8.700000000000001
03M421,214.0,204.0,24.0,204.0,11.0,10.0,1.0,8.0,19.454545454545453,20.4,24.0,25.5,10.700000000000001
03M859,,45.0,45.0,45.0,,3.0,3.0,3.0,,15.0,15.0,15.0,14.1
03M860,60.0,112.0,52.0,,5.0,7.0,4.0,,12.0,16.0,13.0,,11.299999999999999
03M862,340.0,339.0,339.0,340.0,13.0,13.0,14.0,13.0,26.153846153846153,26.076923076923077,24.214285714285715,26.153846153846153,17.300000000000004
04M007,142.0,142.0,162.0,142.0,6.0,6.0,7.0,6.0,23.666666666666668,23.666666666666668,23.142857142857142,23.666666666666668,11.700000000000001
04M012,306.0,210.0,210.0,210.0,10.0,7.0,7.0,7.0,30.6,30.0,30.0,30.0,22.800000000000004
04M050,75.0,75.0,75.0,75.0,3.0,3.0,3.0,3.0,25.0,25.0,25.0,25.0,8.4
04M057,652.0,414.0,287.0,287.0,26.0,16.0,11.0,11.0,25.076923076923077,25.875,26.09090909090909,26.09090909090909,12.199999999999998
04M072,228.0,227.0,218.0,216.0,7.0,6.0,10.0,10.0,32.57142857142857,37.833333333333336,21.8,21.6,12.9
04M096,206.0,217.0,201.0,206.0,8.0,11.0,10.0,9.0,25.75,19.727272727272727,20.1,22.88888888888889,9.200000000000001
04M108,227.0,227.0,227.0,227.0,11.0,11.0,11.0,11.0,20.636363636363637,20.636363636363637,20.636363636363637,20.636363636363637,11.900000000000002
04M171,281.0,281.0,281.0,281.0,7.0,8.0,8.0,9.0,40.142857142857146,35.125,35.125,31.22222222222222,15.400000000000002
04M206,187.0,187.0,187.0,187.0,11.0,11.0,11.0,11.0,17.0,17.0,17.0,17.0,6.0
04M224,152.0,151.0,149.0,149.0,9.0,9.0,9.0,9.0,16.88888888888889,16.77777777777778,16.555555555555557,16.555555555555557,13.900000000000004
04M372,272.0,234.0,239.0,214.0,14.0,12.0,12.0,11.0,19.428571428571427,19.5,19.916666666666668,19.454545454545453,11.599999999999996
04M377,280.0,140.0,140.0,140.0,14.0,7.0,7.0,7.0,20.0,20.0,20.0,20.0,7.0
04M406,163.0,250.0,133.0,133.0,8.0,10.0,7.0,8.0,20.375,25.0,19.0,16.625,11.200000000000001
04M610,337.0,237.0,159.0,159.0,19.0,10.0,6.0,6.0,17.736842105263158,23.7,26.5,26.5,15.400000000000002
04M825,258.0,197.0,197.0,197.0,12.0,8.0,8.0,8.0,21.5,24.625,24.625,24.625,12.0
04M964,78.0,78.0,78.0,78.0,3.0,3.0,3.0,3.0,26.0,26.0,26.0,26.0,11.6
05M046,177.0,177.0,177.0,177.0,7.0,9.0,9.0,9.0,25.285714285714285,19.666666666666668,19.666666666666668,19.666666666666668,12.099999999999996
05M123,161.0,161.0,161.0,161.0,8.0,8.0,8.0,8.0,20.125,20.125,20.125,20.125,10.299999999999999
05M129,191.0,165.0,165.0,165.0,10.0,10.0,8.0,9.0,19.1,16.5,20.625,18.333333333333332,13.300000000000002
05M148,202.0,221.0,181.0,58.0,10.0,11.0,9.0,3.0,20.2,20.09090909090909,20.11111111111111,19.333333333333332,12.599999999999996
05M161,412.0,362.0,388.0,362.0,18.0,16.0,17.0,15.0,22.88888888888889,22.625,22.823529411764707,24.133333333333333,11.400000000000004
05M286,227.0,193.0,227.0,227.0,12.0,10.0,12.0,11.0,18.916666666666668,19.3,18.916666666666668,20.636363636363637,12.299999999999999
05M302,139.0,133.0,133.0,133.0,8.0,7.0,7.0,7.0,17.375,19.0,19.0,19.0,13.099999999999998
05M362,584.0,609.0,296.0,296.0,20.0,25.0,11.0,11.0,29.2,24.36,26.90909090909091,26.90909090909091,16.9
05M499,425.0,267.0,264.0,260.0,20.0,12.0,12.0,12.0,21.25,22.25,22.0,21.666666666666668,17.0
05M514,160.0,160.0,160.0,160.0,8.0,8.0,9.0,8.0,20.0,20.0,17.77777777777778,20.0,8.400000000000002
05M670,240.0,286.0,172.0,172.0,9.0,10.0,6.0,6.0,26.666666666666668,28.6,28.666666666666668,28.666666666666668,15.400000000000002
06M018,107.0,96.0,96.0,96.0,6.0,5.0,5.0,5.0,17.833333333333332,19.2,19.2,19.2,12.7
06M052,321.0,640.0,321.0,321.0,14.0,27.0,14.0,14.0,22.928571428571427,23.703703703703702,22.928571428571427,22.928571428571427,11.800000000000002
06M143,302.0,469.0,314.0,342.0,16.0,20.0,14.0,15.0,18.875,23.45,22.428571428571427,22.8,10.400000000000002
06M187,292.0,292.0,289.0,293.0,10.0,10.0,11.0,12.0,29.2,29.2,26.272727272727273,24.416666666666668,16.900000000000002
06M209,,245.0,245.0,,,9.0,9.0,,,27.22222222222222,27.22222222222222,,13.200000000000001
06M210,353.0,211.0,171.0,318.0,13.0,7.0,7.0,12.0,27.153846153846153,30.142857142857142,24.428571428571427,26.5,11.900000000000004
06M218,189.0,215.0,220.0,190.0,11.0,12.0,13.0,11.0,17.181818181818183,17.916666666666668,16.923076923076923,17.272727272727273,10.1
06M223,395.0,287.0,285.0,287.0,18.0,13.0,13.0,12.0,21.944444444444443,22.076923076923077,21.923076923076923,23.916666666666668,13.0
06M278,254.0,194.0,194.0,194.0,8.0,8.0,7.0,7.0,31.75,24.25,27.714285714285715,27.714285714285715,17.900000000000002
06M293,434.0,256.0,256.0,256.0,20.0,11.0,10.0,11.0,21.7,23.272727272727273,25.6,23.272727272727273,16.400000000000002
06M311,128.0,128.0,127.0,128.0,7.0,7.0,7.0,7.0,18.285714285714285,18.285714285714285,18.142857142857142,18.285714285714285,14.699999999999998
06M319,468.0,468.0,687.0,468.0,20.0,18.0,27.0,18.0,23.4,26.0,25.444444444444443,26.0,12.599999999999996
06M322,353.0,389.0,315.0,315.0,18.0,20.0,15.0,15.0,19.61111111111111,19.45,21.0,21.0,10.2
06M324,483.0,422.0,422.0,421.0,21.0,18.0,17.0,18.0,23.0,23.444444444444443,24.823529411764707,23.38888888888889,12.099999999999996
06M328,302.0,236.0,236.0,236.0,16.0,13.0,13.0,13.0,18.875,18.153846153846153,18.153846153846153,18.153846153846153,8.700000000000001
06M346,271.0,275.0,191.0,275.0,11.0,11.0,8.0,11.0,24.636363636363637,25.0,23.875,25.0,13.199999999999998
06M348,308.0,328.0,260.0,260.0,11.0,12.0,9.0,9.0,28.0,27.333333333333332,28.88888888888889,28.88888888888889,13.900000000000002
06M349,149.0,149.0,149.0,149.0,7.0,7.0,7.0,7.0,21.285714285714285,21.285714285714285,21.285714285714285,21.285714285714285,13.9
06M366,332.0,210.0,271.0,166.0,12.0,9.0,10.0,6.0,27.666666666666668,23.333333333333332,27.1,27.666666666666668,16.8
06M528,425.0,393.0,196.0,197.0,17.0,16.0,8.0,8.0,25.0,24.5625,24.5,24.625,12.0
07X005,300.0,286.0,244.0,244.0,13.0,14.0,11.0,11.0,23.076923076923077,20.428571428571427,22.181818181818183,22.181818181818183,13.5
07X029,266.0,266.0,266.0,266.0,11.0,11.0,11.0,11.0,24.181818181818183,24.181818181818183,24.181818181818183,24.181818181818183,12.0
07X031,237.0,237.0,237.0,237.0,12.0,13.0,12.0,13.0,19.75,18.23076923076923,19.75,18.23076923076923,13.5
07X151,231.0,231.0,231.0,151.0,8.0,12.0,12.0,7.0,28.875,19.25,19.25,21.571428571428573,10.4
07X162,1031.0,760.0,407.0,378.0,56.0,40.0,21.0,20.0,18.410714285714285,19.0,19.38095238095238,18.9,10.099999999999998
07X221,589.0,311.0,280.0,280.0,31.0,18.0,15.0,15.0,19.0,17.27777777777778,18.666666666666668,18.666666666666668,13.699999999999998
07X223,303.0,356.0,303.0,303.0,11.0,12.0,11.0,11.0,27.545454545454547,29.666666666666668,27.545454545454547,27.545454545454547,12.3
07X224,577.0,404.0,381.0,381.0,25.0,18.0,16.0,16.0,23.08,22.444444444444443,23.8125,23.8125,13.099999999999996
07X296,331.0,294.0,266.0,294.0,15.0,13.0,12.0,13.0,22.066666666666666,22.615384615384617,22.166666666666668,22.615384615384617,12.0
07X298,600.0,249.0,249.0,,30.0,13.0,13.0,,20.0,19.153846153846153,19.153846153846153,,9.299999999999999
07X343,608.0,304.0,336.0,304.0,32.0,15.0,13.0,15.0,19.0,20.266666666666666,25.846153846153847,20.266666666666666,14.400000000000004
07X500,180.0,261.0,175.0,175.0,9.0,12.0,8.0,8.0,20.0,21.75,21.875,21.875,15.199999999999998
07X551,260.0,247.0,263.0,247.0,14.0,11.0,12.0,11.0,18.571428571428573,22.454545454545453,21.916666666666668,22.454545454545453,10.200000000000001
08X071,615.0,615.0,564.0,564.0,24.0,24.0,20.0,20.0,25.625,25.625,28.2,28.2,14.3
08X101,527.0,502.0,501.0,501.0,24.0,21.0,21.0,21.0,21.958333333333332,23.904761904761905,23.857142857142858,23.857142857142858,13.900000000000004
08X123,323.0,323.0,323.0,323.0,16.0,16.0,16.0,16.0,20.1875,20.1875,20.1875,20.1875,10.299999999999999
08X125,356.0,356.0,356.0,356.0,16.0,16.0,17.0,16.0,22.25,22.25,20.941176470588236,22.25,13.400000000000004
08X131,464.0,464.0,464.0,464.0,21.0,21.0,21.0,21.0,22.095238095238095,22.095238095238095,22.095238095238095,22.095238095238095,12.299999999999999
08X269,429.0,426.0,282.0,261.0,17.0,16.0,11.0,9.0,25.235294117647058,26.625,25.636363636363637,29.0,14.0
08X301,355.0,518.0,237.0,237.0,15.0,21.0,10.0,10.0,23.666666666666668,24.666666666666668,23.7,23.7,12.099999999999998
08X302,321.0,481.0,481.0,321.0,14.0,20.0,20.0,14.0,22.928571428571427,24.05,24.05,22.928571428571427,13.099999999999996
08X337,829.0,545.0,545.0,545.0,27.0,18.0,18.0,18.0,30.703703703703702,30.27777777777778,30.27777777777778,30.27777777777778,14.200000000000001
08X367,298.0,273.0,282.0,271.0,15.0,14.0,13.0,13.0,19.866666666666667,19.5,21.692307692307693,20.846153846153847,13.800000000000002
08X371,335.0,355.0,340.0,215.0,14.0,17.0,14.0,10.0,23.928571428571427,20.88235294117647,24.285714285714285,21.5,15.8
08X375,238.0,238.0,238.0,238.0,13.0,13.0,13.0,13.0,18.307692307692307,18.307692307692307,18.307692307692307,18.307692307692307,9.0
08X376,177.0,361.0,178.0,178.0,9.0,16.0,8.0,8.0,19.666666666666668,22.5625,22.25,22.25,11.8
08X424,378.0,298.0,290.0,290.0,19.0,17.0,15.0,15.0,19.894736842105264,17.529411764705884,19.333333333333332,19.333333333333332,8.5
08X448,376.0,376.0,376.0,376.0,13.0,14.0,14.0,13.0,28.923076923076923,26.857142857142858,26.857142857142858,28.923076923076923,13.599999999999996
08X467,390.0,316.0,322.0,320.0,17.0,14.0,14.0,14.0,22.941176470588236,22.571428571428573,23.0,22.857142857142858,12.5
08X562,49.0,331.0,383.0,,2.0,14.0,16.0,,24.5,23.642857142857142,23.9375,,13.299999999999999
09X004,168.0,168.0,168.0,168.0,7.0,6.0,8.0,8.0,24.0,28.0,21.0,21.0,11.799999999999999
09X022,704.0,425.0,408.0,408.0,30.0,19.0,18.0,17.0,23.466666666666665,22.36842105263158,22.666666666666668,24.0,8.299999999999999
09X117,1094.0,620.0,565.0,554.0,48.0,27.0,25.0,24.0,22.791666666666668,22.962962962962962,22.6,23.083333333333332,10.900000000000004
09X128,360.0,360.0,360.0,360.0,14.0,13.0,14.0,14.0,25.714285714285715,27.692307692307693,25.714285714285715,25.714285714285715,16.199999999999996
09X145,649.0,430.0,274.0,273.0,31.0,21.0,13.0,13.0,20.93548387096774,20.476190476190474,21.076923076923077,21.0,9.7
09X215,307.0,497.0,440.0,254.0,15.0,22.0,18.0,12.0,20.466666666666665,22.59090909090909,24.444444444444443,21.166666666666668,13.199999999999996
09X218,551.0,289.0,368.0,424.0,21.0,11.0,14.0,15.0,26.238095238095237,26.272727272727273,26.285714285714285,28.266666666666666,14.599999999999996
09X219,620.0,311.0,311.0,311.0,32.0,16.0,16.0,16.0,19.375,19.4375,19.4375,19.4375,8.9
09X229,272.0,238.0,264.0,238.0,17.0,14.0,15.0,14.0,16.0,17.0,17.6,17.0,7.099999999999999
09X231,169.0,199.0,199.0,,7.0,10.0,9.0,,24.142857142857142,19.9,22.11111111111111,,13.599999999999998
09X232,460.0,460.0,465.0,460.0,18.0,20.0,19.0,16.0,25.555555555555557,23.0,24.473684210526315,28.75,13.2
09X241,532.0,554.0,353.0,266.0,24.0,27.0,15.0,12.0,22.166666666666668,20.51851851851852,23.533333333333335,22.166666666666668,12.0
09X303,655.0,360.0,389.0,329.0,24.0,13.0,15.0,12.0,27.291666666666668,27.692307692307693,25.933333333333334,27.416666666666668,9.7
09X313,385.0,441.0,289.0,299.0,19.0,22.0,15.0,15.0,20.263157894736842,20.045454545454547,19.266666666666666,19.933333333333334,10.900000000000004
09X323,595.0,495.0,447.0,447.0,27.0,23.0,21.0,21.0,22.037037037037038,21.52173913043478,21.285714285714285,21.285714285714285,11.099999999999996
09X324,341.0,325.0,262.0,274.0,14.0,14.0,10.0,11.0,24.357142857142858,23.214285714285715,26.2,24.90909090909091,13.099999999999996
09X325,609.0,304.0,254.0,255.0,31.0,15.0,13.0,13.0,19.64516129032258,20.266666666666666,19.53846153846154,19.615384615384617,8.700000000000001
09X327,611.0,640.0,294.0,294.0,26.0,27.0,12.0,12.0,23.5,23.703703703703702,24.5,24.5,14.300000000000002
09X328,276.0,307.0,200.0,200.0,12.0,11.0,9.0,8.0,23.0,27.90909090909091,22.22222222222222,25.0,12.7
09X339,529.0,466.0,471.0,466.0,32.0,29.0,29.0,29.0,16.53125,16.06896551724138,16.24137931034483,16.06896551724138,7.700000000000002
09X350,195.0,129.0,129.0,117.0,12.0,8.0,8.0,7.0,16.25,16.125,16.125,16.714285714285715,8.9
09X361,691.0,832.0,389.0,390.0,31.0,32.0,15.0,15.0,22.29032258064516,26.0,25.933333333333334,26.0,10.5
09X413,145.0,145.0,140.0,145.0,8.0,8.0,8.0,8.0,18.125,18.125,17.5,18.125,14.400000000000002
09X454,368.0,426.0,576.0,426.0,12.0,14.0,21.0,18.0,30.666666666666668,30.428571428571427,27.428571428571427,23.666666666666668,12.5
09X505,468.0,449.0,277.0,277.0,21.0,20.0,9.0,9.0,22.285714285714285,22.45,30.77777777777778,30.77777777777778,13.300000000000004
09X568,194.0,199.0,247.0,247.0,14.0,5.0,19.0,30.0,13.857142857142858,39.8,13.0,8.233333333333333,14.099999999999998
10X003,90.0,90.0,90.0,90.0,5.0,5.0,5.0,5.0,18.0,18.0,18.0,18.0,13.0
10X015,186.0,190.0,190.0,190.0,8.0,8.0,8.0,8.0,23.25,23.75,23.75,23.75,15.799999999999999
10X020,384.0,328.0,328.0,329.0,18.0,14.0,14.0,14.0,21.333333333333332,23.428571428571427,23.428571428571427,23.5,14.800000000000002
10X037,156.0,173.0,156.0,155.0,9.0,10.0,9.0,9.0,17.333333333333332,17.3,17.333333333333332,17.22222222222222,13.8
10X045,797.0,711.0,711.0,711.0,31.0,28.0,28.0,28.0,25.70967741935484,25.392857142857142,25.392857142857142,25.392857142857142,15.0
10X080,1950.0,1300.0,650.0,650.0,81.0,54.0,27.0,27.0,24.074074074074073,24.074074074074073,24.074074074074073,24.074074074074073,13.199999999999998
10X086,289.0,205.0,205.0,205.0,14.0,9.0,9.0,9.0,20.642857142857142,22.77777777777778,22.77777777777778,22.77777777777778,15.300000000000002
10X095,460.0,460.0,460.0,460.0,17.0,17.0,17.0,17.0,27.058823529411764,27.058823529411764,27.058823529411764,27.058823529411764,15.900000000000004
10X118,1297.0,1134.0,1159.0,1135.0,54.0,48.0,49.0,48.0,24.01851851851852,23.625,23.653061224489797,23.645833333333332,13.099999999999996
10X141,803.0,1443.0,749.0,749.0,34.0,52.0,27.0,27.0,23.61764705882353,27.75,27.74074074074074,27.74074074074074,14.400000000000004
10X206,234.0,190.0,191.0,182.0,14.0,9.0,9.0,8.0,16.714285714285715,21.11111111111111,21.22222222222222,22.75,11.5
10X225,308.0,259.0,203.0,203.0,14.0,13.0,10.0,10.0,22.0,19.923076923076923,20.3,20.3,12.700000000000001
10X228,480.0,484.0,293.0,267.0,22.0,17.0,10.0,9.0,21.818181818181817,28.470588235294116,29.3,29.666666666666668,12.700000000000001
10X243,422.0,375.0,268.0,268.0,19.0,15.0,11.0,11.0,22.210526315789473,25.0,24.363636363636363,24.363636363636363,12.5
10X244,685.0,722.0,713.0,625.0,27.0,29.0,25.0,25.0,25.37037037037037,24.896551724137932,28.52,25.0,14.699999999999996
10X254,578.0,483.0,453.0,483.0,25.0,21.0,20.0,21.0,23.12,23.0,22.65,23.0,12.5
10X279,666.0,379.0,379.0,379.0,27.0,15.0,15.0,15.0,24.666666666666668,25.266666666666666,25.266666666666666,25.266666666666666,15.099999999999996
10X280,333.0,333.0,333.0,333.0,13.0,13.0,13.0,13.0,25.615384615384617,25.615384615384617,25.615384615384617,25.615384615384617,14.5
10X308,542.0,524.0,276.0,276.0,19.0,19.0,10.0,10.0,28.526315789473685,27.57894736842105,27.6,27.6,13.5
10X315,109.0,102.0,102.0,102.0,7.0,5.0,5.0,5.0,15.571428571428571,20.4,20.4,20.4,15.200000000000001
10X331,812.0,484.0,380.0,396.0,45.0,29.0,19.0,20.0,18.044444444444444,16.689655172413794,20.0,19.8,10.3
10X342,296.0,148.0,148.0,148.0,14.0,7.0,7.0,7.0,21.142857142857142,21.142857142857142,21.142857142857142,21.142857142857142,12.5
10X363,573.0,497.0,497.0,497.0,25.0,21.0,21.0,21.0,22.92,23.666666666666668,23.666666666666668,23.666666666666668,9.400000000000002
10X368,507.0,458.0,458.0,458.0,22.0,19.0,19.0,19.0,23.045454545454547,24.105263157894736,24.105263157894736,24.105263157894736,15.0
10X390,754.0,683.0,506.0,506.0,29.0,26.0,19.0,19.0,26.0,26.26923076923077,26.63157894736842,26.63157894736842,14.5
10X391,1247.0,1048.0,552.0,526.0,62.0,51.0,27.0,26.0,20.112903225806452,20.54901960784314,20.444444444444443,20.23076923076923,11.099999999999996
10X447,551.0,489.0,469.0,469.0,18.0,16.0,15.0,15.0,30.61111111111111,30.5625,31.266666666666666,31.266666666666666,11.400000000000002
10X459,399.0,341.0,329.0,261.0,17.0,12.0,10.0,10.0,23.470588235294116,28.416666666666668,32.9,26.1,12.2
11X019,256.0,184.0,165.0,165.0,9.0,7.0,6.0,6.0,28.444444444444443,26.285714285714285,27.5,27.5,15.7
11X083,715.0,715.0,685.0,685.0,22.0,24.0,23.0,25.0,32.5,29.791666666666668,29.782608695652176,27.4,15.900000000000004
11X089,505.0,505.0,505.0,505.0,20.0,18.0,19.0,18.0,25.25,28.055555555555557,26.57894736842105,28.055555555555557,16.699999999999996
11X127,883.0,803.0,772.0,772.0,39.0,34.0,29.0,29.0,22.641025641025642,23.61764705882353,26.620689655172413,26.620689655172413,14.099999999999996
11X144,621.0,571.0,455.0,483.0,29.0,24.0,20.0,21.0,21.413793103448278,23.791666666666668,22.75,23.0,15.300000000000004
11X175,132.0,141.0,272.0,264.0,6.0,7.0,13.0,12.0,22.0,20.142857142857142,20.923076923076923,22.0,13.5
11X180,883.0,882.0,883.0,883.0,33.0,33.0,33.0,33.0,26.757575757575758,26.727272727272727,26.757575757575758,26.757575757575758,16.5
11X181,855.0,855.0,855.0,877.0,37.0,37.0,37.0,38.0,23.10810810810811,23.10810810810811,23.10810810810811,23.07894736842105,14.0
11X194,569.0,489.0,489.0,489.0,22.0,17.0,17.0,17.0,25.863636363636363,28.764705882352942,28.764705882352942,28.764705882352942,14.699999999999998
11X287,496.0,261.0,261.0,261.0,43.0,11.0,11.0,11.0,11.534883720930232,23.727272727272727,23.727272727272727,23.727272727272727,16.0
11X289,710.0,681.0,312.0,312.0,33.0,30.0,14.0,14.0,21.515151515151516,22.7,22.285714285714285,22.285714285714285,11.2
11X326,393.0,391.0,520.0,393.0,12.0,14.0,18.0,14.0,32.75,27.928571428571427,28.88888888888889,28.071428571428573,14.599999999999996
11X355,645.0,345.0,324.0,324.0,29.0,15.0,14.0,14.0,22.24137931034483,23.0,23.142857142857142,23.142857142857142,10.599999999999998
11X370,918.0,807.0,388.0,388.0,52.0,48.0,17.0,17.0,17.653846153846153,16.8125,22.823529411764707,22.823529411764707,9.099999999999998
11X462,27.0,266.0,266.0,,1.0,9.0,9.0,,27.0,29.555555555555557,29.555555555555557,,15.9
11X468,654.0,654.0,330.0,330.0,22.0,22.0,12.0,12.0,29.727272727272727,29.727272727272727,27.5,27.5,13.099999999999996
11X498,283.0,283.0,283.0,283.0,10.0,10.0,10.0,10.0,28.3,28.3,28.3,28.3,15.300000000000002
11X529,577.0,345.0,345.0,345.0,19.0,12.0,10.0,11.0,30.36842105263158,28.75,34.5,31.363636363636363,8.799999999999999
11X532,456.0,301.0,301.0,19.0,22.0,12.0,12.0,2.0,20.727272727272727,25.083333333333332,25.083333333333332,9.5,11.799999999999999
11X556,424.0,489.0,73.0,280.0,30.0,59.0,3.0,33.0,14.133333333333333,8.288135593220339,24.333333333333332,8.484848484848484,10.599999999999998
11X566,641.0,635.0,496.0,622.0,31.0,27.0,19.0,27.0,20.677419354838708,23.51851851851852,26.105263157894736,23.037037037037038,14.300000000000004
12X098,216.0,216.0,204.0,204.0,13.0,13.0,12.0,12.0,16.615384615384617,16.615384615384617,17.0,17.0,10.5
12X129,558.0,568.0,532.0,531.0,24.0,24.0,19.0,21.0,23.25,23.666666666666668,28.0,25.285714285714285,14.5
12X190,324.0,348.0,327.0,255.0,16.0,18.0,16.0,13.0,20.25,19.333333333333332,20.4375,19.615384615384617,9.900000000000002
12X211,250.0,225.0,225.0,225.0,11.0,10.0,10.0,10.0,22.727272727272727,22.5,22.5,22.5,12.599999999999996
12X212,181.0,184.0,181.0,181.0,7.0,8.0,7.0,7.0,25.857142857142858,23.0,25.857142857142858,25.857142857142858,13.0
12X214,525.0,459.0,459.0,459.0,22.0,19.0,16.0,14.0,23.863636363636363,24.157894736842106,28.6875,32.785714285714285,13.699999999999998
12X217,298.0,298.0,298.0,298.0,15.0,15.0,15.0,15.0,19.866666666666667,19.866666666666667,19.866666666666667,19.866666666666667,8.700000000000001
12X242,308.0,300.0,300.0,300.0,13.0,12.0,12.0,12.0,23.692307692307693,25.0,25.0,25.0,11.5
12X267,287.0,233.0,233.0,233.0,16.0,12.0,12.0,12.0,17.9375,19.416666666666668,19.416666666666668,19.416666666666668,13.0
12X271,292.0,258.0,264.0,264.0,14.0,13.0,13.0,13.0,20.857142857142858,19.846153846153847,20.307692307692307,20.307692307692307,10.400000000000004
12X273,519.0,490.0,253.0,253.0,23.0,22.0,11.0,11.0,22.565217391304348,22.272727272727273,23.0,23.0,13.5
12X286,286.0,286.0,273.0,273.0,16.0,15.0,14.0,14.0,17.875,19.066666666666666,19.5,19.5,9.900000000000002
12X316,415.0,438.0,384.0,375.0,17.0,18.0,16.0,15.0,24.41176470588235,24.333333333333332,24.0,25.0,14.900000000000004
12X318,574.0,564.0,371.0,282.0,23.0,22.0,14.0,10.0,24.956521739130434,25.636363636363637,26.5,28.2,12.199999999999996
12X341,134.0,134.0,134.0,134.0,7.0,6.0,6.0,6.0,19.142857142857142,22.333333333333332,22.333333333333332,22.333333333333332,11.299999999999999
12X372,202.0,207.0,206.0,205.0,12.0,11.0,11.0,11.0,16.833333333333332,18.818181818181817,18.727272727272727,18.636363636363637,11.0
12X383,502.0,502.0,251.0,251.0,21.0,26.0,13.0,14.0,23.904761904761905,19.307692307692307,19.307692307692307,17.928571428571427,11.200000000000001
12X384,611.0,567.0,264.0,264.0,28.0,26.0,12.0,12.0,21.821428571428573,21.807692307692307,22.0,22.0,12.099999999999996
13K008,257.0,257.0,257.0,257.0,10.0,10.0,10.0,10.0,25.7,25.7,25.7,25.7,15.0
13K113,319.0,319.0,319.0,319.0,15.0,15.0,15.0,15.0,21.266666666666666,21.266666666666666,21.266666666666666,21.266666666666666,12.7
13K265,166.0,166.0,106.0,,11.0,11.0,7.0,,15.090909090909092,15.090909090909092,15.142857142857142,,11.799999999999999
13K266,163.0,234.0,163.0,163.0,9.0,12.0,8.0,9.0,18.11111111111111,19.5,20.375,18.11111111111111,12.700000000000001
13K282,268.0,267.0,268.0,268.0,12.0,13.0,12.0,12.0,22.333333333333332,20.53846153846154,22.333333333333332,22.333333333333332,15.2
13K301,212.0,208.0,106.0,106.0,14.0,13.0,6.0,6.0,15.142857142857142,16.0,17.666666666666668,17.666666666666668,7.8999999999999995
13K313,225.0,232.0,132.0,137.0,14.0,13.0,9.0,8.0,16.071428571428573,17.846153846153847,14.666666666666666,17.125,9.099999999999998
13K351,151.0,152.0,150.0,157.0,7.0,7.0,7.0,7.0,21.571428571428573,21.714285714285715,21.428571428571427,22.428571428571427,9.299999999999999
13K492,196.0,188.0,188.0,188.0,7.0,6.0,6.0,6.0,28.0,31.333333333333332,31.333333333333332,31.333333333333332,15.8
13K527,277.0,169.0,169.0,169.0,11.0,7.0,7.0,7.0,25.181818181818183,24.142857142857142,24.142857142857142,24.142857142857142,13.099999999999996
13K691,216.0,234.0,239.0,216.0,9.0,10.0,10.0,9.0,24.0,23.4,23.9,24.0,9.1
14K050,540.0,320.0,278.0,275.0,31.0,17.0,13.0,13.0,17.419354838709676,18.823529411764707,21.384615384615383,21.153846153846153,11.800000000000002
14K071,761.0,620.0,232.0,222.0,41.0,32.0,13.0,12.0,18.5609756097561,19.375,17.846153846153847,18.5,9.8
14K084,414.0,219.0,293.0,220.0,15.0,9.0,12.0,9.0,27.6,24.333333333333332,24.416666666666668,24.444444444444443,9.799999999999999
14K126,388.0,388.0,668.0,364.0,17.0,17.0,29.0,16.0,22.823529411764707,22.823529411764707,23.03448275862069,22.75,13.800000000000004
14K157,363.0,186.0,186.0,186.0,17.0,9.0,9.0,9.0,21.352941176470587,20.666666666666668,20.666666666666668,20.666666666666668,12.400000000000004
14K318,1499.0,1325.0,1415.0,1008.0,53.0,45.0,47.0,30.0,28.28301886792453,29.444444444444443,30.106382978723403,33.6,14.900000000000004
14K577,530.0,506.0,506.0,506.0,15.0,14.0,14.0,16.0,35.333333333333336,36.142857142857146,36.142857142857146,31.625,15.5
14K582,456.0,258.0,258.0,258.0,21.0,12.0,12.0,12.0,21.714285714285715,21.5,21.5,21.5,10.8
14K586,165.0,170.0,225.0,170.0,7.0,7.0,9.0,7.0,23.571428571428573,24.285714285714285,25.0,24.285714285714285,10.700000000000001
14K614,189.0,147.0,147.0,159.0,8.0,6.0,6.0,7.0,23.625,24.5,24.5,22.714285714285715,14.2
15K051,1156.0,992.0,1125.0,1092.0,42.0,35.0,39.0,38.0,27.523809523809526,28.34285714285714,28.846153846153847,28.736842105263158,17.199999999999996
15K088,1423.0,1371.0,1872.0,1932.0,54.0,51.0,70.0,71.0,26.35185185185185,26.88235294117647,26.742857142857144,27.211267605633804,14.099999999999996
15K136,484.0,484.0,484.0,497.0,21.0,21.0,21.0,22.0,23.047619047619047,23.047619047619047,23.047619047619047,22.59090909090909,10.2
15K429,29.0,42.0,29.0,29.0,1.0,2.0,1.0,2.0,29.0,21.0,29.0,14.5,10.0
15K442,393.0,535.0,226.0,147.0,19.0,25.0,10.0,6.0,20.68421052631579,21.4,22.6,24.5,7.3999999999999995
15K443,563.0,563.0,590.0,563.0,18.0,18.0,19.0,18.0,31.27777777777778,31.27777777777778,31.05263157894737,31.27777777777778,15.599999999999998
15K447,521.0,521.0,521.0,521.0,18.0,18.0,18.0,18.0,28.944444444444443,28.944444444444443,28.944444444444443,28.944444444444443,11.0
15K448,255.0,255.0,255.0,255.0,9.0,9.0,9.0,9.0,28.333333333333332,28.333333333333332,28.333333333333332,28.333333333333332,10.799999999999999
15K464,203.0,192.0,192.0,192.0,9.0,8.0,8.0,8.0,22.555555555555557,24.0,24.0,24.0,12.599999999999996
15K497,275.0,320.0,261.0,262.0,13.0,15.0,11.0,12.0,21.153846153846153,21.333333333333332,23.727272727272727,21.833333333333332,14.0
15K821,621.0,503.0,504.0,504.0,26.0,22.0,22.0,19.0,23.884615384615383,22.863636363636363,22.90909090909091,26.526315789473685,11.700000000000001
15K839,454.0,449.0,236.0,,14.0,18.0,10.0,,32.42857142857143,24.944444444444443,23.6,,10.900000000000002
16K035,178.0,210.0,178.0,178.0,8.0,8.0,8.0,8.0,22.25,26.25,22.25,22.25,12.0
16K057,359.0,230.0,209.0,143.0,25.0,12.0,11.0,8.0,14.36,19.166666666666668,19.0,17.875,9.4
16K262,158.0,158.0,153.0,158.0,7.0,7.0,7.0,8.0,22.571428571428573,22.571428571428573,21.857142857142858,19.75,12.900000000000002
16K267,293.0,315.0,158.0,158.0,17.0,18.0,9.0,9.0,17.235294117647058,17.5,17.555555555555557,17.555555555555557,8.9
16K308,277.0,293.0,166.0,165.0,17.0,18.0,10.0,10.0,16.294117647058822,16.27777777777778,16.6,16.5,9.5
16K584,144.0,144.0,77.0,77.0,10.0,10.0,4.0,4.0,14.4,14.4,19.25,19.25,6.299999999999999
16K681,221.0,135.0,135.0,135.0,11.0,7.0,6.0,6.0,20.09090909090909,19.285714285714285,22.5,22.5,7.9
17K002,494.0,494.0,494.0,494.0,19.0,19.0,19.0,19.0,26.0,26.0,26.0,26.0,16.300000000000004
17K061,1351.0,880.0,859.0,674.0,59.0,38.0,38.0,27.0,22.89830508474576,23.157894736842106,22.605263157894736,24.962962962962962,20.300000000000008
17K138,239.0,239.0,278.0,239.0,10.0,10.0,12.0,10.0,23.9,23.9,23.166666666666668,23.9,12.5
17K181,259.0,258.0,260.0,259.0,9.0,10.0,10.0,9.0,28.77777777777778,25.8,26.0,28.77777777777778,14.0
17K189,426.0,413.0,449.0,367.0,16.0,16.0,18.0,14.0,26.625,25.8125,24.944444444444443,26.214285714285715,14.8
17K246,744.0,769.0,434.0,434.0,35.0,36.0,20.0,20.0,21.257142857142856,21.36111111111111,21.7,21.7,12.400000000000004
17K340,499.0,486.0,250.0,250.0,22.0,21.0,11.0,11.0,22.681818181818183,23.142857142857142,22.727272727272727,22.727272727272727,14.8
17K352,227.0,273.0,189.0,164.0,12.0,14.0,10.0,9.0,18.916666666666668,19.5,18.9,18.22222222222222,7.599999999999998
17K353,159.0,159.0,159.0,159.0,7.0,7.0,7.0,7.0,22.714285714285715,22.714285714285715,22.714285714285715,22.714285714285715,11.099999999999998
17K354,227.0,317.0,213.0,213.0,15.0,16.0,12.0,12.0,15.133333333333333,19.8125,17.75,17.75,7.5
17K382,224.0,212.0,146.0,140.0,10.0,9.0,6.0,6.0,22.4,23.555555555555557,24.333333333333332,23.333333333333332,14.900000000000002
17K394,284.0,308.0,154.0,154.0,13.0,14.0,7.0,7.0,21.846153846153847,22.0,22.0,22.0,14.0
17K484,,135.0,115.0,,,6.0,5.0,,,22.5,23.0,,11.6
17K531,87.0,80.0,80.0,80.0,5.0,4.0,4.0,4.0,17.4,20.0,20.0,20.0,16.099999999999998
17K533,41.0,34.0,33.0,30.0,4.0,3.0,3.0,2.0,10.25,11.333333333333334,11.0,15.0,10.1
17K543,264.0,243.0,244.0,199.0,12.0,11.0,11.0,9.0,22.0,22.09090909090909,22.181818181818183,22.11111111111111,17.900000000000002
17K590,305.0,305.0,239.0,305.0,12.0,12.0,10.0,12.0,25.416666666666668,25.416666666666668,23.9,25.416666666666668,19.099999999999998
17K722,395.0,248.0,359.0,249.0,18.0,12.0,16.0,12.0,21.944444444444443,20.666666666666668,22.4375,20.75,11.0
18K066,415.0,311.0,311.0,311.0,16.0,12.0,12.0,12.0,25.9375,25.916666666666668,25.916666666666668,25.916666666666668,16.0
18K068,421.0,399.0,399.0,399.0,19.0,18.0,18.0,18.0,22.157894736842106,22.166666666666668,22.166666666666668,22.166666666666668,10.0
18K211,723.0,656.0,600.0,577.0,34.0,28.0,27.0,25.0,21.264705882352942,23.428571428571427,22.22222222222222,23.08,14.0
18K235,307.0,307.0,307.0,307.0,11.0,11.0,11.0,11.0,27.90909090909091,27.90909090909091,27.90909090909091,27.90909090909091,18.2
18K285,435.0,650.0,419.0,419.0,17.0,25.0,16.0,16.0,25.58823529411765,26.0,26.1875,26.1875,13.599999999999996
18K366,459.0,482.0,668.0,431.0,18.0,20.0,27.0,19.0,25.5,24.1,24.74074074074074,22.68421052631579,11.699999999999998
18K581,186.0,125.0,124.0,125.0,9.0,7.0,6.0,6.0,20.666666666666668,17.857142857142858,20.666666666666668,20.833333333333332,9.599999999999998
18K588,435.0,188.0,188.0,188.0,19.0,9.0,9.0,9.0,22.894736842105264,20.88888888888889,20.88888888888889,20.88888888888889,10.599999999999998
18K598,310.0,310.0,155.0,150.0,11.0,22.0,7.0,7.0,28.181818181818183,14.090909090909092,22.142857142857142,21.428571428571427,14.300000000000004
18K763,223.0,223.0,223.0,223.0,12.0,12.0,12.0,12.0,18.583333333333332,18.583333333333332,18.583333333333332,18.583333333333332,11.599999999999996
19K089,487.0,165.0,192.0,165.0,20.0,8.0,9.0,7.0,24.35,20.625,21.333333333333332,23.571428571428573,10.900000000000004
19K171,484.0,565.0,451.0,480.0,22.0,24.0,20.0,22.0,22.0,23.541666666666668,22.55,21.818181818181817,14.400000000000004
19K218,776.0,417.0,424.0,387.0,35.0,19.0,19.0,18.0,22.17142857142857,21.94736842105263,22.31578947368421,21.5,14.599999999999996
19K292,1038.0,904.0,603.0,585.0,47.0,43.0,27.0,27.0,22.085106382978722,21.023255813953487,22.333333333333332,21.666666666666668,13.699999999999994
19K306,233.0,139.0,139.0,137.0,14.0,8.0,9.0,9.0,16.642857142857142,17.375,15.444444444444445,15.222222222222221,9.799999999999999
19K311,105.0,105.0,105.0,105.0,7.0,7.0,7.0,7.0,15.0,15.0,15.0,15.0,8.5
19K364,353.0,363.0,324.0,324.0,15.0,15.0,13.0,13.0,23.533333333333335,24.2,24.923076923076923,24.923076923076923,15.099999999999998
19K404,,190.0,190.0,,,9.0,9.0,,,21.11111111111111,21.11111111111111,,12.2
19K409,247.0,382.0,221.0,270.0,10.0,16.0,9.0,11.0,24.7,23.875,24.555555555555557,24.545454545454547,12.900000000000004
19K422,220.0,220.0,220.0,220.0,9.0,9.0,9.0,9.0,24.444444444444443,24.444444444444443,24.444444444444443,24.444444444444443,11.5
19K452,121.0,324.0,324.0,121.0,4.0,12.0,12.0,4.0,30.25,27.0,27.0,30.25,13.3
19K654,312.0,327.0,327.0,297.0,14.0,14.0,12.0,12.0,22.285714285714285,23.357142857142858,27.25,24.75,16.699999999999996
19K661,268.0,381.0,381.0,113.0,11.0,16.0,16.0,5.0,24.363636363636363,23.8125,23.8125,22.6,15.900000000000004
19K662,968.0,413.0,439.0,439.0,37.0,17.0,17.0,17.0,26.16216216216216,24.294117647058822,25.823529411764707,25.823529411764707,11.8
19K663,288.0,182.0,144.0,144.0,14.0,9.0,8.0,8.0,20.571428571428573,20.22222222222222,18.0,18.0,8.400000000000002
19K678,171.0,250.0,335.0,,7.0,10.0,13.0,,24.428571428571427,25.0,25.76923076923077,,11.799999999999999
20K030,389.0,379.0,379.0,378.0,16.0,14.0,14.0,14.0,24.3125,27.071428571428573,27.071428571428573,27.0,12.599999999999996
20K062,1597.0,1185.0,1185.0,1970.0,67.0,47.0,47.0,79.0,23.83582089552239,25.21276595744681,25.21276595744681,24.936708860759495,14.699999999999996
20K104,888.0,607.0,486.0,485.0,33.0,20.0,16.0,16.0,26.90909090909091,30.35,30.375,30.3125,18.199999999999996
20K163,247.0,247.0,259.0,247.0,10.0,10.0,11.0,10.0,24.7,24.7,23.545454545454547,24.7,14.299999999999999
20K180,830.0,632.0,674.0,535.0,32.0,24.0,26.0,21.0,25.9375,26.333333333333332,25.923076923076923,25.476190476190474,14.800000000000004
20K187,1052.0,934.0,1385.0,1313.0,42.0,37.0,49.0,46.0,25.047619047619047,25.243243243243242,28.26530612244898,28.543478260869566,17.599999999999998
20K192,296.0,189.0,189.0,159.0,12.0,8.0,8.0,7.0,24.666666666666668,23.625,23.625,22.714285714285715,13.5
20K201,1714.0,1512.0,1513.0,1514.0,58.0,54.0,51.0,52.0,29.551724137931036,28.0,29.666666666666668,29.115384615384617,18.099999999999998
20K220,1969.0,1481.0,1481.0,917.0,71.0,52.0,43.0,32.0,27.732394366197184,28.48076923076923,34.44186046511628,28.65625,15.0
20K223,1296.0,1004.0,1004.0,1005.0,58.0,41.0,41.0,41.0,22.344827586206897,24.48780487804878,24.48780487804878,24.51219512195122,15.099999999999996
20K227,2384.0,1780.0,1359.0,1352.0,96.0,70.0,54.0,54.0,24.833333333333332,25.428571428571427,25.166666666666668,25.037037037037038,16.300000000000004
20K229,343.0,343.0,343.0,343.0,13.0,13.0,13.0,13.0,26.384615384615383,26.384615384615383,26.384615384615383,26.384615384615383,18.5
20K259,1813.0,1748.0,2018.0,1748.0,75.0,62.0,71.0,62.0,24.173333333333332,28.193548387096776,28.422535211267604,28.193548387096776,18.399999999999995
20K609,411.0,216.0,310.0,216.0,17.0,9.0,13.0,9.0,24.176470588235293,24.0,23.846153846153847,24.0,12.900000000000004
20K686,213.0,213.0,213.0,213.0,7.0,7.0,7.0,7.0,30.428571428571427,30.428571428571427,30.428571428571427,30.428571428571427,20.5
21K095,170.0,296.0,144.0,144.0,8.0,13.0,7.0,7.0,21.25,22.76923076923077,20.571428571428573,20.571428571428573,14.900000000000004
21K096,991.0,790.0,787.0,711.0,46.0,33.0,32.0,28.0,21.543478260869566,23.939393939393938,24.59375,25.392857142857142,13.400000000000004
21K098,2548.0,3033.0,1702.0,1724.0,84.0,100.0,56.0,59.0,30.333333333333332,30.33,30.392857142857142,29.220338983050848,22.600000000000005
21K099,496.0,339.0,243.0,253.0,22.0,16.0,11.0,12.0,22.545454545454547,21.1875,22.09090909090909,21.083333333333332,15.700000000000001
21K121,103.0,95.0,95.0,95.0,5.0,5.0,5.0,4.0,20.6,19.0,19.0,23.75,7.1
21K209,116.0,116.0,116.0,116.0,5.0,5.0,5.0,5.0,23.2,23.2,23.2,23.2,13.099999999999998
21K225,354.0,385.0,354.0,354.0,15.0,16.0,15.0,15.0,23.6,24.0625,23.6,23.6,13.599999999999996
21K226,375.0,317.0,317.0,317.0,17.0,14.0,14.0,14.0,22.058823529411764,22.642857142857142,22.642857142857142,22.642857142857142,14.300000000000002
21K228,1771.0,1115.0,1412.0,1383.0,71.0,42.0,56.0,54.0,24.943661971830984,26.547619047619047,25.214285714285715,25.61111111111111,14.400000000000004
21K238,191.0,191.0,191.0,191.0,10.0,10.0,10.0,10.0,19.1,19.1,19.1,19.1,12.299999999999999
21K239,2710.0,2164.0,1169.0,1553.0,87.0,69.0,37.0,50.0,31.149425287356323,31.36231884057971,31.594594594594593,31.06,16.5
21K281,1344.0,1286.0,1286.0,1286.0,53.0,48.0,48.0,48.0,25.358490566037737,26.791666666666668,26.791666666666668,26.791666666666668,18.4
21K288,162.0,161.0,162.0,143.0,8.0,8.0,8.0,7.0,20.25,20.125,20.25,20.428571428571427,13.4
21K303,496.0,496.0,496.0,496.0,20.0,20.0,19.0,19.0,24.8,24.8,26.105263157894736,26.105263157894736,15.400000000000004
21K468,286.0,286.0,286.0,286.0,12.0,12.0,12.0,12.0,23.833333333333332,23.833333333333332,23.833333333333332,23.833333333333332,16.3
21K690,473.0,455.0,268.0,268.0,22.0,20.0,12.0,12.0,21.5,22.75,22.333333333333332,22.333333333333332,15.699999999999998
22K014,767.0,606.0,765.0,622.0,37.0,29.0,36.0,28.0,20.72972972972973,20.896551724137932,21.25,22.214285714285715,12.5
22K078,975.0,586.0,586.0,663.0,40.0,24.0,24.0,27.0,24.375,24.416666666666668,24.416666666666668,24.555555555555557,15.300000000000004
22K109,270.0,295.0,325.0,270.0,12.0,14.0,14.0,12.0,22.5,21.071428571428573,23.214285714285715,22.5,14.0
22K206,413.0,376.0,376.0,376.0,17.0,14.0,13.0,13.0,24.294117647058822,26.857142857142858,28.923076923076923,28.923076923076923,17.300000000000004
22K207,451.0,616.0,452.0,447.0,17.0,27.0,16.0,15.0,26.529411764705884,22.814814814814813,28.25,29.8,15.599999999999996
22K234,3960.0,3960.0,2006.0,1980.0,130.0,130.0,66.0,65.0,30.46153846153846,30.46153846153846,30.393939393939394,30.46153846153846,18.399999999999995
22K240,858.0,896.0,800.0,800.0,34.0,32.0,29.0,30.0,25.235294117647058,28.0,27.586206896551722,26.666666666666668,15.400000000000004
22K278,1962.0,1026.0,1051.0,1056.0,81.0,42.0,43.0,43.0,24.22222222222222,24.428571428571427,24.441860465116278,24.558139534883722,12.599999999999996
22K381,290.0,303.0,516.0,358.0,13.0,14.0,24.0,16.0,22.307692307692307,21.642857142857142,21.5,22.375,12.5
23K041,346.0,216.0,172.0,172.0,15.0,10.0,9.0,8.0,23.066666666666666,21.6,19.11111111111111,21.5,12.5
23K137,56.0,82.0,81.0,66.0,3.0,5.0,5.0,4.0,18.666666666666668,16.4,16.2,16.5,11.700000000000001
23K155,130.0,130.0,130.0,130.0,7.0,6.0,7.0,7.0,18.571428571428573,21.666666666666668,18.571428571428573,18.571428571428573,13.200000000000001
23K165,96.0,96.0,96.0,96.0,7.0,7.0,7.0,7.0,13.714285714285714,13.714285714285714,13.714285714285714,13.714285714285714,9.1
23K178,100.0,100.0,100.0,100.0,5.0,6.0,5.0,5.0,20.0,16.666666666666668,20.0,20.0,13.7
23K184,135.0,181.0,127.0,96.0,9.0,11.0,8.0,7.0,15.0,16.454545454545453,15.875,13.714285714285714,12.400000000000004
23K284,171.0,171.0,171.0,171.0,8.0,8.0,8.0,8.0,21.375,21.375,21.375,21.375,11.1
23K323,170.0,170.0,170.0,170.0,7.0,7.0,7.0,7.0,24.285714285714285,24.285714285714285,24.285714285714285,24.285714285714285,17.9
23K327,22.0,73.0,73.0,22.0,2.0,4.0,4.0,2.0,11.0,18.25,18.25,11.0,14.299999999999999
23K363,88.0,88.0,88.0,88.0,5.0,5.0,5.0,5.0,17.6,17.6,17.6,17.6,8.900000000000002
23K392,352.0,291.0,283.0,178.0,15.0,13.0,11.0,6.0,23.466666666666665,22.384615384615383,25.727272727272727,29.666666666666668,13.5
23K518,198.0,197.0,197.0,197.0,9.0,9.0,9.0,9.0,22.0,21.88888888888889,21.88888888888889,21.88888888888889,15.8
23K522,162.0,162.0,159.0,162.0,8.0,8.0,8.0,8.0,20.25,20.25,19.875,20.25,12.900000000000004
23K644,406.0,298.0,269.0,265.0,19.0,14.0,11.0,13.0,21.36842105263158,21.285714285714285,24.454545454545453,20.384615384615383,14.400000000000002
23K664,116.0,145.0,87.0,87.0,8.0,9.0,6.0,6.0,14.5,16.11111111111111,14.5,14.5,7.200000000000001
23K668,116.0,116.0,116.0,116.0,6.0,6.0,6.0,6.0,19.333333333333332,19.333333333333332,19.333333333333332,19.333333333333332,9.9
23K671,312.0,219.0,250.0,191.0,17.0,12.0,14.0,10.0,18.352941176470587,18.25,17.857142857142858,19.1,11.200000000000001
23K697,75.0,50.0,50.0,50.0,5.0,3.0,3.0,3.0,15.0,16.666666666666668,16.666666666666668,16.666666666666668,13.200000000000001
24Q005,1911.0,1911.0,1832.0,1832.0,80.0,80.0,72.0,72.0,23.8875,23.8875,25.444444444444443,25.444444444444443,15.0
24Q049,416.0,409.0,409.0,552.0,13.0,14.0,13.0,17.0,32.0,29.214285714285715,31.46153846153846,32.470588235294116,18.0
24Q061,1786.0,1347.0,1377.0,1405.0,76.0,55.0,56.0,57.0,23.5,24.490909090909092,24.589285714285715,24.649122807017545,13.800000000000006
24Q073,2570.0,2304.0,2042.0,2042.0,106.0,95.0,81.0,81.0,24.245283018867923,24.25263157894737,25.209876543209877,25.209876543209877,15.300000000000004
24Q077,1202.0,1014.0,1014.0,1014.0,51.0,42.0,42.0,42.0,23.568627450980394,24.142857142857142,24.142857142857142,24.142857142857142,13.0
24Q087,310.0,193.0,193.0,193.0,14.0,9.0,9.0,9.0,22.142857142857142,21.444444444444443,21.444444444444443,21.444444444444443,12.099999999999996
24Q093,1280.0,1111.0,1111.0,1111.0,56.0,45.0,45.0,44.0,22.857142857142858,24.68888888888889,24.68888888888889,25.25,14.699999999999996
24Q102,410.0,501.0,412.0,412.0,15.0,18.0,15.0,15.0,27.333333333333332,27.833333333333332,27.466666666666665,27.466666666666665,14.900000000000004
24Q113,353.0,353.0,353.0,353.0,13.0,13.0,13.0,13.0,27.153846153846153,27.153846153846153,27.153846153846153,27.153846153846153,17.199999999999996
24Q119,652.0,812.0,872.0,652.0,24.0,31.0,32.0,24.0,27.166666666666668,26.193548387096776,27.25,27.166666666666668,17.900000000000002
24Q125,2339.0,1874.0,1507.0,1505.0,86.0,67.0,57.0,57.0,27.197674418604652,27.970149253731343,26.43859649122807,26.403508771929825,15.900000000000002
24Q128,208.0,317.0,317.0,162.0,11.0,26.0,23.0,6.0,18.90909090909091,12.192307692307692,13.782608695652174,27.0,16.599999999999998
24Q311,543.0,511.0,511.0,584.0,19.0,18.0,18.0,21.0,28.57894736842105,28.38888888888889,28.38888888888889,27.80952380952381,15.599999999999996
24Q560,189.0,140.0,140.0,140.0,7.0,5.0,5.0,5.0,27.0,28.0,28.0,28.0,16.400000000000002
25Q025,957.0,957.0,957.0,957.0,33.0,33.0,33.0,33.0,29.0,29.0,29.0,29.0,21.1
25Q164,357.0,264.0,264.0,263.0,15.0,11.0,11.0,12.0,23.8,24.0,24.0,21.916666666666668,14.0
25Q185,1509.0,1502.0,1502.0,1502.0,63.0,55.0,55.0,55.0,23.952380952380953,27.30909090909091,27.30909090909091,27.30909090909091,15.900000000000004
25Q189,898.0,761.0,705.0,705.0,39.0,30.0,27.0,27.0,23.025641025641026,25.366666666666667,26.11111111111111,26.11111111111111,15.300000000000004
25Q194,1179.0,1179.0,1179.0,1179.0,42.0,42.0,42.0,42.0,28.071428571428573,28.071428571428573,28.071428571428573,28.071428571428573,16.5
25Q200,176.0,176.0,179.0,179.0,6.0,6.0,6.0,6.0,29.333333333333332,29.333333333333332,29.833333333333332,29.833333333333332,12.5
25Q219,239.0,237.0,236.0,239.0,16.0,15.0,12.0,14.0,14.9375,15.8,19.666666666666668,17.071428571428573,10.900000000000004
25Q237,1705.0,1457.0,1339.0,1424.0,64.0,56.0,51.0,54.0,26.640625,26.017857142857142,26.254901960784313,26.37037037037037,17.699999999999996
25Q250,395.0,395.0,395.0,395.0,17.0,17.0,17.0,17.0,23.235294117647058,23.235294117647058,23.235294117647058,23.235294117647058,14.0
25Q252,250.0,250.0,250.0,250.0,10.0,10.0,10.0,10.0,25.0,25.0,25.0,25.0,13.199999999999998
25Q281,455.0,333.0,333.0,333.0,19.0,12.0,12.0,12.0,23.94736842105263,27.75,27.75,27.75,11.900000000000004
25Q285,324.0,234.0,235.0,235.0,12.0,9.0,9.0,9.0,27.0,26.0,26.11111111111111,26.11111111111111,15.0
25Q294,612.0,368.0,368.0,368.0,22.0,13.0,13.0,13.0,27.818181818181817,28.307692307692307,28.307692307692307,28.307692307692307,15.300000000000004
25Q499,276.0,168.0,185.0,168.0,10.0,6.0,7.0,6.0,27.6,28.0,26.428571428571427,28.0,18.0
26Q067,1172.0,922.0,908.0,910.0,40.0,33.0,31.0,31.0,29.3,27.939393939393938,29.29032258064516,29.35483870967742,18.199999999999996
26Q074,2601.0,2393.0,1492.0,1122.0,107.0,90.0,52.0,40.0,24.30841121495327,26.58888888888889,28.692307692307693,28.05,16.900000000000002
26Q158,1187.0,1292.0,1141.0,1079.0,45.0,45.0,38.0,36.0,26.377777777777776,28.711111111111112,30.026315789473685,29.97222222222222,18.5
26Q172,1194.0,1016.0,1023.0,1025.0,40.0,34.0,34.0,34.0,29.85,29.88235294117647,30.08823529411765,30.147058823529413,17.0
26Q178,166.0,166.0,166.0,166.0,6.0,6.0,6.0,6.0,27.666666666666668,27.666666666666668,27.666666666666668,27.666666666666668,16.099999999999998
26Q216,1764.0,1523.0,1850.0,1424.0,59.0,49.0,59.0,46.0,29.89830508474576,31.081632653061224,31.35593220338983,30.956521739130434,18.5
26Q266,211.0,211.0,211.0,211.0,9.0,9.0,9.0,9.0,23.444444444444443,23.444444444444443,23.444444444444443,23.444444444444443,14.900000000000002
27Q042,380.0,506.0,215.0,215.0,16.0,20.0,10.0,10.0,23.75,25.3,21.5,21.5,11.699999999999996
27Q043,210.0,268.0,236.0,157.0,11.0,15.0,13.0,8.0,19.09090909090909,17.866666666666667,18.153846153846153,19.625,14.800000000000002
27Q047,38.0,38.0,38.0,38.0,3.0,3.0,3.0,3.0,12.666666666666666,12.666666666666666,12.666666666666666,12.666666666666666,10.5
27Q053,610.0,607.0,306.0,306.0,33.0,33.0,18.0,17.0,18.484848484848484,18.393939393939394,17.0,18.0,8.700000000000001
27Q105,474.0,388.0,242.0,242.0,23.0,19.0,12.0,12.0,20.608695652173914,20.42105263157895,20.166666666666668,20.166666666666668,12.699999999999996
27Q114,115.0,144.0,148.0,115.0,5.0,6.0,6.0,5.0,23.0,24.0,24.666666666666668,23.0,14.7
27Q124,450.0,441.0,450.0,450.0,17.0,17.0,18.0,17.0,26.470588235294116,25.941176470588236,25.0,26.470588235294116,16.900000000000002
27Q137,2677.0,2646.0,2058.0,1926.0,99.0,96.0,74.0,68.0,27.04040404040404,27.5625,27.81081081081081,28.323529411764707,16.9
27Q146,195.0,195.0,195.0,195.0,7.0,7.0,7.0,7.0,27.857142857142858,27.857142857142858,27.857142857142858,27.857142857142858,15.200000000000001
27Q183,218.0,112.0,207.0,112.0,12.0,6.0,11.0,6.0,18.166666666666668,18.666666666666668,18.818181818181817,18.666666666666668,12.599999999999996
27Q202,1826.0,1083.0,1083.0,1083.0,68.0,40.0,40.0,40.0,26.852941176470587,27.075,27.075,27.075,16.199999999999996
27Q207,237.0,283.0,237.0,237.0,11.0,11.0,9.0,9.0,21.545454545454547,25.727272727272727,26.333333333333332,26.333333333333332,11.0
27Q210,2680.0,2584.0,1684.0,1635.0,100.0,97.0,65.0,63.0,26.8,26.63917525773196,25.907692307692308,25.952380952380953,15.800000000000006
27Q226,1611.0,1554.0,909.0,914.0,65.0,63.0,35.0,36.0,24.784615384615385,24.666666666666668,25.97142857142857,25.38888888888889,17.699999999999996
27Q232,340.0,340.0,340.0,340.0,13.0,13.0,13.0,13.0,26.153846153846153,26.153846153846153,26.153846153846153,26.153846153846153,16.400000000000002
27Q262,314.0,423.0,314.0,314.0,12.0,17.0,12.0,12.0,26.166666666666668,24.88235294117647,26.166666666666668,26.166666666666668,14.0
27Q282,432.0,259.0,259.0,259.0,15.0,9.0,9.0,9.0,28.8,28.77777777777778,28.77777777777778,28.77777777777778,14.5
27Q297,392.0,391.0,391.0,392.0,17.0,16.0,15.0,16.0,23.058823529411764,24.4375,26.066666666666666,24.5,15.199999999999998
27Q309,311.0,301.0,203.0,207.0,19.0,12.0,9.0,9.0,16.36842105263158,25.083333333333332,22.555555555555557,23.0,12.7
27Q318,228.0,228.0,228.0,228.0,14.0,14.0,11.0,8.0,16.285714285714285,16.285714285714285,20.727272727272727,28.5,11.0
27Q319,491.0,571.0,374.0,409.0,24.0,30.0,18.0,19.0,20.458333333333332,19.033333333333335,20.77777777777778,21.526315789473685,10.099999999999998
27Q323,753.0,806.0,726.0,726.0,23.0,25.0,22.0,22.0,32.73913043478261,32.24,33.0,33.0,19.0
27Q333,101.0,101.0,101.0,101.0,4.0,4.0,4.0,4.0,25.25,25.25,25.25,25.25,14.5
28Q008,347.0,377.0,377.0,345.0,15.0,15.0,16.0,15.0,23.133333333333333,25.133333333333333,23.5625,23.0,12.599999999999996
28Q072,506.0,723.0,718.0,448.0,24.0,36.0,35.0,22.0,21.083333333333332,20.083333333333332,20.514285714285716,20.363636363636363,10.3
28Q157,1734.0,1518.0,1518.0,1518.0,73.0,56.0,56.0,56.0,23.753424657534246,27.107142857142858,27.107142857142858,27.107142857142858,18.699999999999996
28Q167,380.0,380.0,380.0,380.0,15.0,15.0,15.0,15.0,25.333333333333332,25.333333333333332,25.333333333333332,25.333333333333332,12.099999999999996
28Q190,1056.0,1032.0,1032.0,1032.0,38.0,36.0,35.0,36.0,27.789473684210527,28.666666666666668,29.485714285714284,28.666666666666668,17.5
28Q217,2306.0,1632.0,1741.0,1632.0,89.0,62.0,66.0,62.0,25.910112359550563,26.322580645161292,26.37878787878788,26.322580645161292,18.199999999999996
28Q284,92.0,272.0,272.0,92.0,3.0,9.0,9.0,3.0,30.666666666666668,30.22222222222222,30.22222222222222,30.666666666666668,19.599999999999998
28Q287,365.0,365.0,365.0,365.0,15.0,15.0,15.0,15.0,24.333333333333332,24.333333333333332,24.333333333333332,24.333333333333332,13.300000000000002
28Q310,257.0,259.0,255.0,255.0,11.0,11.0,11.0,11.0,23.363636363636363,23.545454545454547,23.181818181818183,23.181818181818183,13.900000000000004
28Q332,325.0,325.0,325.0,325.0,15.0,15.0,15.0,15.0,21.666666666666668,21.666666666666668,21.666666666666668,21.666666666666668,13.099999999999996
28Q358,643.0,384.0,262.0,122.0,24.0,15.0,10.0,5.0,26.791666666666668,25.6,26.2,24.4,14.0
28Q680,552.0,365.0,276.0,276.0,18.0,13.0,10.0,9.0,30.666666666666668,28.076923076923077,27.6,30.666666666666668,19.199999999999996
28Q896,236.0,236.0,236.0,236.0,9.0,9.0,9.0,9.0,26.22222222222222,26.22222222222222,26.22222222222222,26.22222222222222,16.599999999999998
29Q059,611.0,617.0,545.0,680.0,28.0,27.0,23.0,28.0,21.821428571428573,22.85185185185185,23.695652173913043,24.285714285714285,18.600000000000005
29Q109,1079.0,1026.0,1026.0,1211.0,42.0,39.0,39.0,45.0,25.69047619047619,26.307692307692307,26.307692307692307,26.91111111111111,16.800000000000004
29Q116,308.0,195.0,195.0,195.0,16.0,8.0,8.0,8.0,19.25,24.375,24.375,24.375,13.699999999999998
29Q138,654.0,327.0,327.0,327.0,30.0,15.0,15.0,15.0,21.8,21.8,21.8,21.8,14.900000000000004
29Q147,150.0,150.0,150.0,150.0,8.0,8.0,8.0,8.0,18.75,18.75,18.75,18.75,15.700000000000001
29Q192,530.0,556.0,487.0,428.0,24.0,23.0,21.0,18.0,22.083333333333332,24.17391304347826,23.19047619047619,23.77777777777778,14.900000000000004
29Q208,283.0,283.0,283.0,283.0,10.0,10.0,10.0,10.0,28.3,28.3,28.3,28.3,15.0
29Q238,2939.0,2673.0,1482.0,1482.0,117.0,107.0,59.0,59.0,25.11965811965812,24.981308411214954,25.11864406779661,25.11864406779661,15.800000000000004
29Q259,248.0,248.0,248.0,248.0,10.0,10.0,9.0,10.0,24.8,24.8,27.555555555555557,24.8,17.900000000000002
29Q268,215.0,188.0,187.0,188.0,10.0,9.0,9.0,9.0,21.5,20.88888888888889,20.77777777777778,20.88888888888889,13.5
29Q270,268.0,268.0,268.0,268.0,9.0,9.0,9.0,9.0,29.77777777777778,29.77777777777778,29.77777777777778,29.77777777777778,16.400000000000002
29Q283,243.0,264.0,208.0,242.0,10.0,12.0,10.0,11.0,24.3,22.0,20.8,22.0,18.100000000000005
29Q289,9.0,304.0,304.0,9.0,1.0,12.0,13.0,1.0,9.0,25.333333333333332,23.384615384615383,9.0,13.099999999999998
29Q295,190.0,197.0,200.0,186.0,8.0,9.0,9.0,8.0,23.75,21.88888888888889,22.22222222222222,23.25,13.800000000000004
29Q327,471.0,457.0,288.0,279.0,26.0,24.0,15.0,14.0,18.115384615384617,19.041666666666668,19.2,19.928571428571427,12.900000000000004
29Q355,17.0,565.0,518.0,,2.0,28.0,26.0,,8.5,20.178571428571427,19.923076923076923,,12.700000000000001
29Q356,316.0,305.0,305.0,214.0,14.0,13.0,13.0,9.0,22.571428571428573,23.46153846153846,23.46153846153846,23.77777777777778,12.599999999999996
30Q010,1171.0,814.0,757.0,757.0,47.0,34.0,31.0,31.0,24.914893617021278,23.941176470588236,24.419354838709676,24.419354838709676,14.900000000000004
30Q078,110.0,110.0,172.0,110.0,6.0,6.0,8.0,6.0,18.333333333333332,18.333333333333332,21.5,18.333333333333332,15.0
30Q111,75.0,75.0,75.0,75.0,6.0,6.0,6.0,6.0,12.5,12.5,12.5,12.5,8.5
30Q122,273.0,273.0,273.0,273.0,10.0,10.0,10.0,10.0,27.3,27.3,27.3,27.3,18.7
30Q126,950.0,952.0,652.0,625.0,38.0,38.0,26.0,25.0,25.0,25.05263157894737,25.076923076923077,25.0,15.400000000000004
30Q127,597.0,414.0,409.0,414.0,26.0,16.0,15.0,17.0,22.96153846153846,25.875,27.266666666666666,24.352941176470587,14.300000000000002
30Q141,1752.0,2032.0,1145.0,1117.0,67.0,79.0,43.0,42.0,26.149253731343283,25.72151898734177,26.627906976744185,26.595238095238095,16.4
30Q145,2584.0,2116.0,2051.0,2360.0,106.0,85.0,82.0,90.0,24.37735849056604,24.894117647058824,25.01219512195122,26.22222222222222,14.199999999999996
30Q204,475.0,486.0,486.0,475.0,23.0,24.0,24.0,23.0,20.652173913043477,20.25,20.25,20.652173913043477,11.8
30Q227,1485.0,1499.0,1418.0,1498.0,62.0,61.0,55.0,58.0,23.951612903225808,24.57377049180328,25.78181818181818,25.82758620689655,17.0
30Q230,1437.0,1375.0,1365.0,1308.0,57.0,52.0,51.0,46.0,25.210526315789473,26.442307692307693,26.764705882352942,28.434782608695652,15.699999999999996
30Q235,278.0,202.0,128.0,115.0,16.0,12.0,7.0,7.0,17.375,16.833333333333332,18.285714285714285,16.428571428571427,12.5
30Q286,325.0,238.0,297.0,283.0,14.0,9.0,11.0,13.0,23.214285714285715,26.444444444444443,27.0,21.76923076923077,15.599999999999996
30Q291,701.0,516.0,408.0,408.0,35.0,20.0,15.0,15.0,20.02857142857143,25.8,27.2,27.2,12.699999999999998
30Q300,151.0,151.0,151.0,151.0,5.0,6.0,6.0,6.0,30.2,25.166666666666668,25.166666666666668,25.166666666666668,19.599999999999998
30Q580,219.0,219.0,219.0,219.0,8.0,8.0,8.0,8.0,27.375,27.375,27.375,27.375,17.4
31R002,1101.0,999.0,950.0,861.0,41.0,40.0,37.0,34.0,26.853658536585368,24.975,25.675675675675677,25.323529411764707,14.699999999999996
31R007,1385.0,1288.0,1162.0,1161.0,46.0,43.0,39.0,39.0,30.108695652173914,29.953488372093023,29.794871794871796,29.76923076923077,16.400000000000002
31R024,1296.0,1296.0,1296.0,1296.0,49.0,49.0,50.0,49.0,26.448979591836736,26.448979591836736,25.92,26.448979591836736,13.900000000000004
31R027,1203.0,1186.0,1009.0,1067.0,48.0,46.0,40.0,42.0,25.0625,25.782608695652176,25.225,25.404761904761905,15.0
31R028,60.0,124.0,120.0,30.0,2.0,6.0,5.0,1.0,30.0,20.666666666666668,24.0,30.0,11.2
31R034,1119.0,1114.0,1114.0,993.0,270.0,220.0,32.0,32.0,4.144444444444445,5.0636363636363635,34.8125,31.03125,14.0
31R048,534.0,344.0,317.0,416.0,21.0,29.0,10.0,31.0,25.428571428571427,11.862068965517242,31.7,13.419354838709678,16.5
31R049,861.0,751.0,778.0,751.0,37.0,33.0,34.0,33.0,23.27027027027027,22.757575757575758,22.88235294117647,22.757575757575758,12.800000000000002
31R051,2111.0,1552.0,1320.0,1387.0,93.0,63.0,54.0,59.0,22.698924731182796,24.634920634920636,24.444444444444443,23.508474576271187,13.599999999999998
31R061,1658.0,1306.0,1052.0,1052.0,72.0,53.0,44.0,44.0,23.02777777777778,24.641509433962263,23.90909090909091,23.90909090909091,14.199999999999996
31R063,443.0,449.0,443.0,438.0,15.0,17.0,18.0,19.0,29.533333333333335,26.41176470588235,24.61111111111111,23.05263157894737,14.0
31R072,1412.0,1315.0,1315.0,1315.0,63.0,54.0,54.0,54.0,22.41269841269841,24.35185185185185,24.35185185185185,24.35185185185185,14.199999999999996
31R075,1369.0,1369.0,1369.0,1369.0,54.0,53.0,53.0,53.0,25.35185185185185,25.830188679245282,25.830188679245282,25.830188679245282,13.300000000000004
31R080,290.0,289.0,290.0,289.0,10.0,10.0,10.0,10.0,29.0,28.9,29.0,28.9,16.199999999999996
31R861,294.0,306.0,303.0,304.0,11.0,12.0,22.0,12.0,26.727272727272727,25.5,13.772727272727273,25.333333333333332,14.900000000000004
32K045,229.0,216.0,216.0,216.0,11.0,10.0,10.0,10.0,20.818181818181817,21.6,21.6,21.6,14.6
32K162,505.0,523.0,425.0,425.0,25.0,23.0,19.0,19.0,20.2,22.73913043478261,22.36842105263158,22.36842105263158,11.400000000000004
32K291,637.0,523.0,297.0,297.0,30.0,22.0,12.0,14.0,21.233333333333334,23.772727272727273,24.75,21.214285714285715,9.200000000000001
32K347,338.0,300.0,300.0,300.0,16.0,13.0,13.0,13.0,21.125,23.076923076923077,23.076923076923077,23.076923076923077,11.900000000000004
32K349,448.0,728.0,296.0,296.0,20.0,31.0,13.0,13.0,22.4,23.483870967741936,22.76923076923077,22.76923076923077,11.3
32K377,143.0,143.0,143.0,143.0,9.0,9.0,10.0,9.0,15.88888888888889,15.88888888888889,14.3,15.88888888888889,10.900000000000004
32K383,1381.0,885.0,929.0,1053.0,60.0,35.0,39.0,43.0,23.016666666666666,25.285714285714285,23.82051282051282,24.488372093023255,14.300000000000004
32K384,185.0,185.0,215.0,185.0,8.0,8.0,9.0,8.0,23.125,23.125,23.88888888888889,23.125,12.4
32K554,330.0,180.0,180.0,180.0,13.0,6.0,6.0,6.0,25.384615384615383,30.0,30.0,30.0,23.900000000000002
32K562,341.0,325.0,325.0,301.0,19.0,14.0,16.0,15.0,17.94736842105263,23.214285714285715,20.3125,20.066666666666666,9.400000000000002
